nom,type,ville,site_actuel,email,slug_maquette,statut,date
Domaine de la Folie,domaine,Chagny (Rully),https://www.domainedelafolie.fr/,domainedelafolie@sfr.fr ; contact@domainedelafolie.fr,domaine-de-la-folie-763489,brouillon pret,2026-10-09
Bouchon des Cordeliers,restaurant,Lyon 2e,http://www.bouchondescordeliers.com/,contact@bouchondescordeliers.com,bouchon-des-cordeliers-4f9a2c,brouillon pret,2026-10-09
Domaine Bernard Jomain,domaine,Charentay (Brouilly),https://www.domainebernardjomain.com/,jomainb@wanadoo.fr,domaine-bernard-jomain-2d7c93,brouillon pret,2026-10-09
Le Bouchon des Artistes,restaurant,Lyon 3e,https://www.le-bouchon-des-artistes.fr/,lebouchondesartistes@orange.fr,bouchon-des-artistes-b81e57,brouillon pret,2026-10-09
Les Fines Gueules,restaurant,Lyon 5e,http://www.fines-gueules.fr,,,ecarte (site recent),2026-10-09
Bouchon Palais Grillet,restaurant,Lyon 2e,https://www.bouchonpalaisgrillet.com/,,,ecarte (site recent),2026-10-09
La Meuniere,restaurant,Lyon 1er,http://www.lameuniere.fr/,,,ecarte (site recent),2026-10-09
Domaine du Mont Verrier,domaine,Saint-Julien,http://www.domaine-montverrier.com,contact@domainemontverrier.com,,ecarte (lecture bloquee),2026-10-09
Domaine du Breuil,domaine,Salles-Arbuissonnas,http://www.domainedubreuil.fr,contact@domainedubreuil.fr,,ecarte (lecture bloquee),2026-10-09
Domaine des Souchons,domaine,Villie-Morgon,http://www.1752.fr,contact@1752.fr,,ecarte (lecture bloquee),2026-10-09
Domaine Henri Servage,domaine,Villie-Morgon,https://www.servage.fr,,,ecarte (lecture bloquee),2026-10-09
Domaine Augris,domaine,Villie-Morgon,http://gitedutonnelier.over-blog.com/,domaineab@sfr.fr,,ecarte (site hors ligne),2026-10-09
Le Bistrot d'Abel,restaurant,Lyon,http://www.bistrot-abel.fr,,,ecarte (lecture bloquee),2026-10-09
Cafe Comptoir Abel,restaurant,Lyon,http://www.cafecomptoirabel.com,,,ecarte (lecture bloquee),2026-10-09
Domaine Les Roches Bleues,domaine,Odenas (Brouilly),https://domainelesrochesbleues.com/,contact@domainelesrochesbleues.com ; domainelesrochesbleues@outlook.com,,"ecarte (site recent et bien fait, avis de Philippine)",2026-10-09
ARGOS Diagnostic,diagnostiqueur,Lyon 7e,https://www.argos-diagnostic.fr/,contact@argosdiag.fr,argos-diagnostic-adb84d,brouillon pret,2026-10-09
Bains et Cie,artisan (salle de bain),,https://bainsetcie.wixsite.com/monsite,bainsetcie@yahoo.com,bains-et-cie-f10f6d,brouillon pret,2026-10-09
Entreprise Brun,artisan (plâtrier-peintre),Lyon,https://www.artisan-platrier-peintre.com/,entreprise.brun@gmail.com,entreprise-brun-d7aca1,brouillon pret,2026-10-09
Cabinet Giabicani,avocat,Chambéry,https://www.avocats-giabicani.com/,contact@avocats-giabicani.com,giabicani-d8d892,brouillon pret,2026-10-09
Girod-Roux Menuiserie,artisan (menuisier),,https://www.girod-roux-menuiserie.fr/,fgrmenuiserie@gmail.com ; fredgrx@gmail.com,girod-roux-menuiserie-870921,brouillon pret,2026-10-09
Étude Odin-Blondot,notaire,Lyon 6e,https://www.notaires-lyon6.fr/,odin-blondot@69109.notaires.fr,odin-blondot-c1e13c,brouillon pret,2026-10-09
Domaine Lionel Despres,domaine,Fleurie,https://www.lionel-despres.com/,contact@lionel-despres.com,lionel-despres-f3408f,brouillon pret,2026-10-10
Laurent Gayon,artisan (plombier chauffagiste),Chaponnay,https://laurentgayon.wixsite.com/plomberiechauffage,laurentgayon@orange.fr,laurent-gayon-b57a4b,brouillon pret,2026-10-10
Entreprise Jamet (Jérôme Jamet),artisan (carreleur mosaïste),Lyon 5e,https://jeromejamet.wixsite.com/jamet-carreleur-lyon,jeromejamet@yahoo.fr,jamet-carreleur-c16c16,brouillon pret,2026-10-10
Rénov Habitat (Mike Nakache),artisan (peintre plâtrier),Lyon 9e,https://peintredelyon.wixsite.com/monsite-1,peintre.de.lyon@gmail.com,renov-habitat-00b444,brouillon pret,2026-10-10
C3LEX (Me Caroline Cerveau-Colliard),avocat,Lyon 3e,https://www.c3lex.fr/,contact@c3lex.fr,c3lex-avocat-2318ec,brouillon pret,2026-10-10
Domaine A.,domaine,Beaujeu,https://vinsdomainea.fr/,contact@vinsdomainea.fr,,"ecarte (site WordPress adapte au mobile, pas assez date)",2026-10-10
Domaine de Vavril (Jean-Luc Ducruix),domaine,Beaujeu,https://vavril.fr/,jlducruix69@gmail.com,,ecarte (lecture impossible : autorisation de lecture expiree),2026-10-10
Domaine de l'Ancien Relais,domaine,Saint-Amour-Bellevue,https://www.domaine-ancien-relais.com/,,,ecarte (pas d'e-mail public),2026-10-10
Domaine de Grille-Midi,domaine,Fleurie,https://www.domaine-degrillemidi.com/,,,ecarte (pas d'e-mail public),2026-10-10
Domaine Passot,domaine,Chiroubles,https://www.domaine-passot.com/,felix@domaine-passot.com ; remy@domaine-passot.com,,ecarte (site recent),2026-10-10
Domaine Joncy,domaine,Quincié-en-Beaujolais,https://www.domaine-joncy.com/,contact@domainejoncy.fr,,ecarte (lecture impossible : robots.txt),2026-10-10
Domaine Gilles Paris,domaine,Chiroubles,https://domainegillesparis.fr/,Gilles.earlparis@orange.fr,,ecarte (site recent),2026-10-10
Domaine du Moulin,domaine,Anjou,https://domaine-du-moulin.fr/coteaux-du-layon/,,,ecarte (pas le site d'un domaine),2026-10-10
Le Bouchon Sully,restaurant,Lyon,https://www.lebouchonsully.com,,,ecarte (lecture impossible : autorisation de lecture expiree),2026-10-10
Café du Jura,restaurant,Lyon 2e,https://cafedujura.fr/,contact@cafedujura.fr,,ecarte (lecture impossible : autorisation de lecture expiree),2026-10-10
Le Vivarais,restaurant,Lyon,https://www.restaurant-levivarais.fr/,,,ecarte (lecture impossible : autorisation de lecture expiree),2026-10-10
Le Casse Museau,restaurant,Lyon,https://lecassemuseau.com/,lecassemuseau@gmail.com,,ecarte (lecture impossible : autorisation de lecture expiree),2026-10-10
Au Petit Bouchon Chez Georges,restaurant,Lyon,https://bouchonchezgeorges.fr/,,,ecarte (site recent),2026-10-10
JMD Plomberie,artisan (plombier),Saint-Jean-d'Ardières,https://jmdplomberie.over-blog.com/,,,ecarte (lecture impossible : erreur serveur),2026-10-10
Irwin Castelli Carrelage,artisan (carreleur),Lyon 4e,https://iccarrelage.jimdofree.com/,,,ecarte (pas d'e-mail public),2026-10-10
Société de plâtrerie-peinture,artisan (plâtrier-peintre),Lyon,https://platrerie.pagesperso-orange.fr/index.html,,,ecarte (lecture impossible : robots.txt),2026-10-10
Roussin-Moynier Électricité,artisan (électricien),Villard-Saint-Pancrace (05),https://roussin-moynier-elec.wixsite.com/roussin-moynier-elec,roussin-moynier@wanadoo.fr,,ecarte (hors zone),2026-10-10
RL Provence Toitures,artisan (couvreur),Vourles,https://leonricotier.wixsite.com/couvreur-rhone,,,ecarte (lecture impossible : autorisation de lecture expiree),2026-10-10
BYP Plomberie,artisan (plombier),Soucieu-en-Jarrest,https://jubernard.wixsite.com/byp-plomberie,,,ecarte (pas d'e-mail public),2026-10-10
LyonElec,artisan (électricien),Lyon,https://lyonelec.free.fr/,,,ecarte (lecture impossible : erreur client),2026-10-10
ALLO ELEC,artisan (électricien),Vénissieux,https://alloelec.wixsite.com/website,alloelec@gmx.fr,,ecarte (site recent),2026-10-10
Maurice Gouzènes Électricité,artisan (électricien),,https://maurice.gouzenes.free.fr/,,,ecarte (lecture impossible : robots.txt),2026-10-10
Bear's Environnement (BC2E),diagnostiqueur,Lyon 6e,https://bears.bc2e.com/,,,"ecarte (reseau, site recent, pas d'e-mail)",2026-10-10
Rhône Diag,diagnostiqueur,Lyon,https://www.rhonediag.fr/,,,ecarte (lecture impossible : robots.txt),2026-10-10
MRE L'Expert,diagnostiqueur,Lyon 8e,https://www.mrelexpert.com/,contact@mrelexpert.com ; patricia.gestion@mrelexpert.com,,ecarte (site entretenu),2026-10-10
AE Diag,diagnostiqueur,Rhône,https://www.aediag.com/,,,ecarte (lecture impossible : robots.txt),2026-10-10
Anaplomb,diagnostiqueur,Lyon,https://www.anaplomb.fr/,,,ecarte (lecture impossible : robots.txt),2026-10-10
Dom Expert,diagnostiqueur,Savoie,https://www.dom-expert.fr/,,,ecarte (lecture impossible : robots.txt),2026-10-10
Combe Diagnostics,diagnostiqueur,Villeurbanne,https://www.combediagnostics.fr/,,,ecarte (lecture impossible : robots.txt),2026-10-10
ACSDI,diagnostiqueur,Vaulx-en-Velin,https://www.acsdi.fr/,contact@acsdi-ra.fr,,"ecarte (site recent, Webador 2024-2025)",2026-10-10
Me Chrystelle Panzani,avocat,Lyon 3e,https://www.panzani-avocat.fr/,,,"ecarte (site recent, pas d'e-mail)",2026-10-10
Bonaccorsi-Boyer,avocat,Lyon,https://www.bonaccorsi-boyer-avocat.fr/,,,ecarte (lecture impossible : autorisation de lecture expiree),2026-10-10
MD Avocats,avocat,Villefranche-sur-Saône,https://www.md-avocats.com/,avocats@md-avocats.com,,ecarte (site recent),2026-10-10
SCP Cottet-Bretonnier & Navarrete,avocat,Villeurbanne,https://www.cbn-avocats-lyon.com/,,,"ecarte (site entretenu, pas d'e-mail)",2026-10-10
Avocat Lyon 6,avocat,Lyon 6e,https://avocat-lyon-6.net.fr/home.php,,,ecarte (lecture impossible : redirection vers un domaine tiers),2026-10-10
